<?xml version="1.0" encoding="UTF-8" standalone="no"?>
<feature id="org.wso2.carbon.uuf.core" label="WSO2 UUF - Core - Feature" provider-name="%providerName" version="1.0.0.SNAPSHOT">
  <description>This feature contains the UUF core bundles for UUF server</description>
  <copyright>%copyright</copyright>
  <license url="%licenseURL">%license</license>
  <plugin id="org.objectweb.asm" unpack="false" version="5.1"/>
  <plugin id="org.apache.commons.lang3" unpack="false" version="3.1.0"/>
  <plugin id="com.google.gson" unpack="false" version="2.6.2"/>
  <plugin id="org.wso2.carbon.uuf.core" unpack="false" version="1.0.0.SNAPSHOT"/>
  <plugin id="com.google.guava" unpack="false" version="18.0.0"/>
  <plugin id="org.yaml.snakeyaml" unpack="false" version="1.17.0"/>
  <require/>
</feature>
