<?xml version="1.0" encoding="UTF-8" standalone="no"?>
<feature id="org.wso2.carbon.connector.framework" label="WSO2 Carbon Transport Connector Framework Feature" provider-name="%providerName" version="4.3.0.m2">
  <description>WSO2 is an open source application development software company focused on providing service-oriented
        architecture solutions for professional developers.</description>
  <copyright>%copyright</copyright>
  <license url="%licenseURL">%license</license>
  <plugin id="org.wso2.carbon.connector.framework" unpack="false" version="4.3.0.m2"/>
  <require/>
</feature>
