<?xml version="1.0" encoding="UTF-8" standalone="no"?>
<feature id="org.wso2.carbon.messaging" label="WSO2 Carbon Messaging Feature" provider-name="%providerName" version="2.3.1">
  <description>WSO2 is an open source application development software company focused on providing service-oriented
        architecture solutions for professional developers.</description>
  <copyright>%copyright</copyright>
  <license url="%licenseURL">%license</license>
  <plugin id="org.wso2.carbon.messaging" unpack="false" version="2.3.1"/>
  <require/>
</feature>
